timestamp,packet_count
1610668800,41271
1610668801,41293
1610668802,40541
1610668803,41371
1610668804,41606
1610668805,41371
1610668806,41747
1610668807,41439
1610668808,40697
1610668809,41286
1610668810,40295
1610668811,40091
1610668812,39952
1610668813,38598
1610668814,39761
1610668815,39771
1610668816,39437
1610668817,39488
1610668818,39862
1610668819,39236
1610668820,39682
1610668821,39833
1610668822,38927
1610668823,40589
1610668824,39130
1610668825,39356
1610668826,40368
1610668827,40280
1610668828,39977
1610668829,41209
1610668830,40451
1610668831,40498
1610668832,40383
1610668833,39520
1610668834,40098
1610668835,40264
1610668836,38887
1610668837,39574
1610668838,38705
1610668839,38660
1610668840,39381
1610668841,38573
1610668842,38870
1610668843,39138
1610668844,38698
1610668845,33561
1610668846,33072
1610668847,32452
1610668848,32787
1610668849,33210
1610668850,33448
1610668851,1306
1610690400,34009
1610690401,33532
1610690402,34467
1610690403,33792
1610690404,33745
1610690405,35268
1610690406,33422
1610690407,34049
1610690408,34777
1610690409,33614
1610690410,34066
1610690411,33523
1610690412,33812
1610690413,34265
1610690414,33851
1610690415,33946
1610690416,34637
1610690417,34649
1610690418,34874
1610690419,34680
1610690420,33815
1610690421,34285
1610690422,34549
1610690423,33677
1610690424,34122
1610690425,34748
1610690426,34335
1610690427,33986
1610690428,34850
1610690429,33998
1610690430,33891
1610690431,34537
1610690432,33905
1610690433,34028
1610690434,34298
1610690435,33529
1610690436,33956
1610690437,33669
1610690438,33649
1610690439,34582
1610690440,33759
1610690441,39653
1610690442,56651
1610690443,34435
1610690444,33482
1610690445,34393
1610690446,34637
1610690447,33829
1610690448,34292
1610690449,35555
1610690450,33780
1610690451,33714
1610690452,34778
1610690453,34362
1610690454,33926
1610690455,34842
1610690456,34999
1610690457,23526
1610712000,42296
1610712001,41668
1610712002,41615
1610712003,43109
1610712004,42082
1610712005,42248
1610712006,42055
1610712007,42268
1610712008,42640
1610712009,42111
1610712010,41988
1610712011,42331
1610712012,42691
1610712013,42411
1610712014,42098
1610712015,42264
1610712016,42870
1610712017,42169
1610712018,42426
1610712019,42379
1610712020,41842
1610712021,42196
1610712022,42371
1610712023,42440
1610712024,42171
1610712025,42526
1610712026,42263
1610712027,42106
1610712028,42657
1610712029,42578
1610712030,42297
1610712031,42150
1610712032,42002
1610712033,42534
1610712034,42469
1610712035,42528
1610712036,42343
1610712037,43409
1610712038,43128
1610712039,42787
1610712040,43097
1610712041,43017
1610712042,42693
1610712043,42819
1610712044,43446
1610712045,43554
1610712046,42824
1610712047,4034
1610733600,41836
1610733601,41431
1610733602,42816
1610733603,42061
1610733604,42254
1610733605,42509
1610733606,41779
1610733607,42321
1610733608,41498
1610733609,42744
1610733610,42127
1610733611,42604
1610733612,42363
1610733613,42263
1610733614,42558
1610733615,42250
1610733616,42128
1610733617,42097
1610733618,42297
1610733619,42048
1610733620,42293
1610733621,42325
1610733622,42368
1610733623,42264
1610733624,42059
1610733625,42087
1610733626,42707
1610733627,41863
1610733628,42019
1610733629,42285
1610733630,42136
1610733631,41863
1610733632,41392
1610733633,41790
1610733634,41966
1610733635,41604
1610733636,41869
1610733637,41848
1610733638,41752
1610733639,41504
1610733640,41694
1610733641,41751
1610733642,41706
1610733643,41510
1610733644,41545
1610733645,41678
1610733646,41445
1610733647,24693
1613347200,42184
1613347201,41897
1613347202,42069
1613347203,41943
1613347204,42051
1613347205,41535
1613347206,41444
1613347207,41084
1613347208,41078
1613347209,42515
1613347210,42048
1613347211,42251
1613347212,41678
1613347213,42221
1613347214,42215
1613347215,41841
1613347216,42136
1613347217,42120
1613347218,41793
1613347219,42069
1613347220,41640
1613347221,42109
1613347222,41996
1613347223,42047
1613347224,42159
1613347225,41749
1613347226,42056
1613347227,42408
1613347228,42132
1613347229,42160
1613347230,41724
1613347231,42050
1613347232,41764
1613347233,41840
1613347234,42010
1613347235,41933
1613347236,42158
1613347237,41886
1613347238,42001
1613347239,42160
1613347240,41885
1613347241,41940
1613347242,42183
1613347243,42153
1613347244,41804
1613347245,42120
1613347246,42288
1613347247,27473
1613368800,42678
1613368801,42441
1613368802,42301
1613368803,42533
1613368804,42686
1613368805,42484
1613368806,42224
1613368807,42602
1613368808,42689
1613368809,42499
1613368810,42458
1613368811,42729
1613368812,42662
1613368813,42069
1613368814,42549
1613368815,42231
1613368816,42657
1613368817,42704
1613368818,42329
1613368819,42656
1613368820,42641
1613368821,42359
1613368822,42167
1613368823,42291
1613368824,42165
1613368825,42453
1613368826,41976
1613368827,42166
1613368828,42262
1613368829,42198
1613368830,42118
1613368831,42064
1613368832,42517
1613368833,42421
1613368834,42379
1613368835,42282
1613368836,42617
1613368837,42313
1613368838,42346
1613368839,42467
1613368840,42352
1613368841,42470
1613368842,42397
1613368843,42316
1613368844,42680
1613368845,42590
1613368846,42384
1613368847,6428
1613390400,42503
1613390401,42406
1613390402,42139
1613390403,42164
1613390404,42208
1613390405,42198
1613390406,42262
1613390407,42123
1613390408,42109
1613390409,41976
1613390410,42140
1613390411,42138
1613390412,42045
1613390413,41956
1613390414,42225
1613390415,42357
1613390416,42142
1613390417,42096
1613390418,42196
1613390419,42147
1613390420,41974
1613390421,42348
1613390422,42365
1613390423,42243
1613390424,42063
1613390425,42403
1613390426,42101
1613390427,42361
1613390428,42070
1613390429,42202
1613390430,42046
1613390431,42203
1613390432,41969
1613390433,42149
1613390434,42234
1613390435,41985
1613390436,42116
1613390437,42871
1613390438,42950
1613390439,42948
1613390440,42953
1613390441,42858
1613390442,42743
1613390443,43135
1613390444,42746
1613390445,42816
1613390446,42935
1613390447,10683
1613412000,42044
1613412001,41736
1613412002,41794
1613412003,42212
1613412004,41842
1613412005,41923
1613412006,41706
1613412007,41758
1613412008,41561
1613412009,42070
1613412010,41749
1613412011,41812
1613412012,41965
1613412013,41774
1613412014,41797
1613412015,41692
1613412016,42254
1613412017,41221
1613412018,41543
1613412019,41852
1613412020,41699
1613412021,41821
1613412022,41649
1613412023,41724
1613412024,41807
1613412025,41689
1613412026,41701
1613412027,41962
1613412028,41395
1613412029,41661
1613412030,41539
1613412031,41692
1613412032,41863
1613412033,41636
1613412034,41797
1613412035,41608
1613412036,41967
1613412037,41471
1613412038,41816
1613412039,41720
1613412040,41762
1613412041,41999
1613412042,41677
1613412043,41766
1613412044,41593
1613412045,41440
1613412046,41603
1613412047,37638
1615766400,41850
1615766401,41896
1615766402,41776
1615766403,42125
1615766404,41668
1615766405,41691
1615766406,42012
1615766407,41709
1615766408,41778
1615766409,41816
1615766410,41796
1615766411,41864
1615766412,41517
1615766413,41802
1615766414,41795
1615766415,41784
1615766416,42128
1615766417,41949
1615766418,41890
1615766419,41724
1615766420,41894
1615766421,41632
1615766422,41751
1615766423,41648
1615766424,41610
1615766425,41691
1615766426,41655
1615766427,41740
1615766428,41634
1615766429,41561
1615766430,41484
1615766431,41863
1615766432,41853
1615766433,41422
1615766434,41796
1615766435,41841
1615766436,41559
1615766437,41642
1615766438,41774
1615766439,41533
1615766440,41963
1615766441,41421
1615766442,41563
1615766443,41702
1615766444,41699
1615766445,41726
1615766446,41844
1615766447,37929
1615788000,41863
1615788001,42040
1615788002,41698
1615788003,41842
1615788004,40823
1615788005,42199
1615788006,42168
1615788007,42681
1615788008,42110
1615788009,41864
1615788010,41919
1615788011,41928
1615788012,41660
1615788013,42210
1615788014,41591
1615788015,41776
1615788016,41362
1615788017,42340
1615788018,41907
1615788019,41857
1615788020,41712
1615788021,41912
1615788022,41952
1615788023,41493
1615788024,41724
1615788025,42108
1615788026,41756
1615788027,41713
1615788028,41309
1615788029,42102
1615788030,41693
1615788031,42186
1615788032,41569
1615788033,41492
1615788034,42428
1615788035,41682
1615788036,42083
1615788037,41741
1615788038,42070
1615788039,41800
1615788040,41676
1615788041,41593
1615788042,42063
1615788043,42210
1615788044,41831
1615788045,41754
1615788046,42130
1615788047,32380
1615809600,21385
1615809601,20649
1615809602,21439
1615809603,21138
1615809604,21083
1615809605,20914
1615809606,21011
1615809607,20673
1615809608,20953
1615809609,20809
1615809610,20896
1615809611,20929
1615809612,20644
1615809613,20943
1615809614,21050
1615809615,21108
1615809616,21187
1615809617,21280
1615809618,20986
1615809619,21220
1615809620,22276
1615809621,21783
1615809622,21687
1615809623,21791
1615809624,21785
1615809625,21593
1615809626,21621
1615809627,21715
1615809628,21037
1615809629,21667
1615809630,21228
1615809631,21707
1615809632,21473
1615809633,21134
1615809634,21195
1615809635,21475
1615809636,21371
1615809637,21956
1615809638,22313
1615809639,22045
1615809640,22083
1615809641,22256
1615809642,22357
1615809643,22181
1615809644,22253
1615809645,23317
1615809646,25955
1615809647,26355
1615809648,26040
1615809649,25355
1615809650,26127
1615809651,34669
1615809652,26011
1615809653,26475
1615809654,25031
1615809655,25386
1615809656,25315
1615809657,24149
1615809658,24266
1615809659,24237
1615809660,24133
1615809661,25642
1615809662,23178
1615809663,22183
1615809664,21894
1615809665,22326
1615809666,21870
1615809667,22498
1615809668,22668
1615809669,22650
1615809670,22928
1615809671,23816
1615809672,22819
1615809673,23324
1615809674,23402
1615809675,23128
1615809676,22953
1615809677,23337
1615809678,22752
1615809679,23236
1615809680,23243
1615809681,23026
1615809682,23225
1615809683,23315
1615809684,22811
1615809685,23406
1615809686,23548
1615809687,22894
1615809688,828
1615831200,42101
1615831201,42175
1615831202,42019
1615831203,41870
1615831204,42102
1615831205,41144
1615831206,40063
1615831207,42075
1615831208,42055
1615831209,42168
1615831210,41768
1615831211,41910
1615831212,42198
1615831213,41793
1615831214,42087
1615831215,41821
1615831216,42007
1615831217,42141
1615831218,41758
1615831219,41920
1615831220,42284
1615831221,42149
1615831222,41945
1615831223,42025
1615831224,42284
1615831225,41885
1615831226,41871
1615831227,42364
1615831228,42264
1615831229,41972
1615831230,42084
1615831231,41985
1615831232,41883
1615831233,41796
1615831234,42015
1615831235,41766
1615831236,42023
1615831237,40978
1615831238,42049
1615831239,41852
1615831240,41999
1615831241,41939
1615831242,41972
1615831243,41998
1615831244,41772
1615831245,41701
1615831246,41749
1615831247,30221
1618444800,28767
1618444801,29677
1618444802,29948
1618444803,30527
1618444804,31440
1618444805,30301
1618444806,30532
1618444807,30129
1618444808,30396
1618444809,30945
1618444810,30152
1618444811,33167
1618444812,32279
1618444813,33649
1618444814,33630
1618444815,33087
1618444816,32523
1618444817,34676
1618444818,37288
1618444819,36481
1618444820,38874
1618444821,39862
1618444822,38951
1618444823,39837
1618444824,38027
1618444825,37243
1618444826,30263
1618444827,29421
1618444828,29977
1618444829,30130
1618444830,30482
1618444831,32553
1618444832,32282
1618444833,33561
1618444834,34930
1618444835,33437
1618444836,33440
1618444837,32736
1618444838,33970
1618444839,33423
1618444840,33447
1618444841,33797
1618444842,35880
1618444843,36799
1618444844,35867
1618444845,34608
1618444846,37982
1618444847,38253
1618444848,38621
1618444849,37411
1618444850,29738
1618444851,28709
1618444852,29197
1618444853,30386
1618444854,31632
1618444855,31927
1618444856,31928
1618444857,32804
1618444858,33278
1618444859,33128
1618444860,1615
1618466400,24652
1618466401,25644
1618466402,25468
1618466403,25263
1618466404,25829
1618466405,25058
1618466406,24772
1618466407,24972
1618466408,25254
1618466409,25294
1618466410,24767
1618466411,24910
1618466412,25184
1618466413,25350
1618466414,25343
1618466415,25067
1618466416,25031
1618466417,24836
1618466418,25875
1618466419,25138
1618466420,25012
1618466421,25598
1618466422,25528
1618466423,25750
1618466424,25490
1618466425,25391
1618466426,25235
1618466427,25571
1618466428,25619
1618466429,25521
1618466430,25751
1618466431,25495
1618466432,25091
1618466433,25843
1618466434,25710
1618466435,26283
1618466436,26486
1618466437,26183
1618466438,25651
1618466439,26904
1618466440,26320
1618466441,26433
1618466442,26181
1618466443,26585
1618466444,26454
1618466445,26937
1618466446,26145
1618466447,25439
1618466448,27041
1618466449,25742
1618466450,25935
1618466451,25872
1618466452,25147
1618466453,25529
1618466454,25937
1618466455,24866
1618466456,25590
1618466457,26385
1618466458,26207
1618466459,25868
1618466460,26560
1618466461,25846
1618466462,26355
1618466463,27393
1618466464,26552
1618466465,27062
1618466466,28777
1618466467,27209
1618466468,27256
1618466469,26760
1618466470,26077
1618466471,25418
1618466472,25828
1618466473,24834
1618466474,24834
1618466475,25366
1618466476,24553
1618466477,14888
1618488000,32253
1618488001,27675
1618488002,27648
1618488003,27434
1618488004,28036
1618488005,28423
1618488006,28076
1618488007,27877
1618488008,27953
1618488009,28271
1618488010,28204
1618488011,28063
1618488012,28032
1618488013,28006
1618488014,28622
1618488015,28602
1618488016,28093
1618488017,27989
1618488018,28118
1618488019,28521
1618488020,28168
1618488021,28097
1618488022,28180
1618488023,28186
1618488024,28132
1618488025,28314
1618488026,28342
1618488027,27841
1618488028,27968
1618488029,27980
1618488030,27557
1618488031,28008
1618488032,27800
1618488033,27847
1618488034,27599
1618488035,28065
1618488036,28327
1618488037,28655
1618488038,28775
1618488039,28440
1618488040,28957
1618488041,28710
1618488042,28730
1618488043,28707
1618488044,28567
1618488045,28689
1618488046,28988
1618488047,28936
1618488048,28837
1618488049,29159
1618488050,29167
1618488051,28542
1618488052,28608
1618488053,29340
1618488054,28828
1618488055,28595
1618488056,29181
1618488057,28879
1618488058,28528
1618488059,28961
1618488060,28796
1618488061,28881
1618488062,29068
1618488063,29020
1618488064,28994
1618488065,28998
1618488066,28824
1618488067,29182
1618488068,29184
1618488069,28910
1618488070,5057
1618509600,28276
1618509601,28096
1618509602,28949
1618509603,28420
1618509604,27979
1618509605,28602
1618509606,28797
1618509607,28984
1618509608,29095
1618509609,29056
1618509610,29364
1618509611,28993
1618509612,29103
1618509613,29586
1618509614,29611
1618509615,29812
1618509616,30105
1618509617,30555
1618509618,31390
1618509619,31345
1618509620,31339
1618509621,31719
1618509622,31239
1618509623,31204
1618509624,30912
1618509625,30435
1618509626,30610
1618509627,30040
1618509628,29750
1618509629,29465
1618509630,30047
1618509631,28761
1618509632,29320
1618509633,29993
1618509634,29718
1618509635,29803
1618509636,30346
1618509637,30620
1618509638,30308
1618509639,31071
1618509640,30507
1618509641,30306
1618509642,31420
1618509643,30856
1618509644,31561
1618509645,31767
1618509646,31398
1618509647,31318
1618509648,31342
1618509649,30913
1618509650,30658
1618509651,31207
1618509652,30775
1618509653,31301
1618509654,30755
1618509655,30329
1618509656,30512
1618509657,30299
1618509658,30903
1618509659,31290
1618509660,31096
1618509661,30936
1618509662,31003
1618509663,31363
1618509664,30950
1618509665,31208
1618509666,1209
1621036800,42040
1621036801,41351
1621036802,41664
1621036803,41545
1621036804,41529
1621036805,41649
1621036806,41612
1621036807,41606
1621036808,41624
1621036809,41625
1621036810,41618
1621036811,41518
1621036812,41588
1621036813,41770
1621036814,41615
1621036815,41452
1621036816,41656
1621036817,42047
1621036818,42152
1621036819,42099
1621036820,42403
1621036821,42078
1621036822,42348
1621036823,42437
1621036824,42552
1621036825,42150
1621036826,42695
1621036827,42191
1621036828,42289
1621036829,42460
1621036830,42347
1621036831,42018
1621036832,42457
1621036833,42359
1621036834,42616
1621036835,42420
1621036836,42166
1621036837,42094
1621036838,42087
1621036839,42034
1621036840,41900
1621036841,42087
1621036842,41885
1621036843,42140
1621036844,41991
1621036845,41995
1621036846,42278
1621036847,25763
1621058400,41887
1621058401,41701
1621058402,41824
1621058403,41776
1621058404,41973
1621058405,41795
1621058406,41875
1621058407,41838
1621058408,41985
1621058409,41740
1621058410,41828
1621058411,41831
1621058412,41969
1621058413,35061
1621058414,43081
1621058415,42578
1621058416,42967
1621058417,42450
1621058418,42546
1621058419,42568
1621058420,42861
1621058421,42957
1621058422,42284
1621058423,41744
1621058424,41691
1621058425,42016
1621058426,41950
1621058427,41847
1621058428,41661
1621058429,41727
1621058430,41758
1621058431,41668
1621058432,41787
1621058433,41792
1621058434,41501
1621058435,41968
1621058436,41786
1621058437,41752
1621058438,41707
1621058439,41953
1621058440,41671
1621058441,41772
1621058442,41696
1621058443,41681
1621058444,41694
1621058445,41697
1621058446,41504
1621058447,34602
1621080000,38321
1621080001,38943
1621080002,39464
1621080003,37812
1621080004,39487
1621080005,39458
1621080006,37736
1621080007,39438
1621080008,39464
1621080009,34632
1621080010,35439
1621080011,35562
1621080012,35595
1621080013,35969
1621080014,35876
1621080015,35676
1621080016,36005
1621080017,35770
1621080018,36185
1621080019,37287
1621080020,36766
1621080021,36745
1621080022,36841
1621080023,36960
1621080024,36935
1621080025,37538
1621080026,37097
1621080027,37388
1621080028,37807
1621080029,37600
1621080030,37713
1621080031,39902
1621080032,43170
1621080033,41135
1621080034,38271
1621080035,38011
1621080036,38867
1621080037,38548
1621080038,38079
1621080039,37425
1621080040,37904
1621080041,37860
1621080042,38565
1621080043,38018
1621080044,38534
1621080045,38780
1621080046,38053
1621080047,37858
1621080048,37928
1621080049,38338
1621080050,37784
1621080051,39724
1621080052,33737
1621101600,40962
1621101601,41065
1621101602,40180
1621101603,40487
1621101604,40893
1621101605,40754
1621101606,40755
1621101607,40885
1621101608,40244
1621101609,40548
1621101610,40382
1621101611,40774
1621101612,41150
1621101613,41682
1621101614,40972
1621101615,41089
1621101616,41199
1621101617,40942
1621101618,41216
1621101619,41791
1621101620,41440
1621101621,41145
1621101622,41053
1621101623,41725
1621101624,71416
1621101625,63297
1621101626,63951
1621101627,64458
1621101628,51885
1621101629,40580
1621101630,41129
1621101631,40322
1621101632,40672
1621101633,40176
1621101634,40723
1621101635,40615
1621101636,40817
1621101637,40616
1621101638,40940
1621101639,40723
1621101640,40551
1621101641,41329
1621101642,41147
1621101643,41646
1621101644,41464
1621101645,41138
1621101646,7072
1623715200,29920
1623715201,29489
1623715202,30083
1623715203,29564
1623715204,30028
1623715205,30230
1623715206,30208
1623715207,30337
1623715208,30011
1623715209,30042
1623715210,30290
1623715211,30395
1623715212,29803
1623715213,30155
1623715214,30136
1623715215,29838
1623715216,29910
1623715217,29988
1623715218,29919
1623715219,29716
1623715220,29909
1623715221,30399
1623715222,31550
1623715223,31365
1623715224,32365
1623715225,33173
1623715226,32443
1623715227,32339
1623715228,33960
1623715229,33814
1623715230,33659
1623715231,33587
1623715232,32799
1623715233,33491
1623715234,33320
1623715235,33726
1623715236,33070
1623715237,33293
1623715238,32780
1623715239,31755
1623715240,34219
1623715241,33469
1623715242,33166
1623715243,33192
1623715244,33790
1623715245,34240
1623715246,34316
1623715247,33982
1623715248,33932
1623715249,33724
1623715250,33378
1623715251,34485
1623715252,33880
1623715253,33585
1623715254,33475
1623715255,34378
1623715256,33906
1623715257,31938
1623715258,32400
1623715259,32023
1623715260,31888
1623715261,32367
1623715262,11408
1623736800,35127
1623736801,34537
1623736802,33443
1623736803,34404
1623736804,35638
1623736805,35170
1623736806,34867
1623736807,33820
1623736808,35787
1623736809,35719
1623736810,35707
1623736811,34877
1623736812,33702
1623736813,35382
1623736814,34684
1623736815,34210
1623736816,33876
1623736817,33742
1623736818,33520
1623736819,35457
1623736820,35274
1623736821,35138
1623736822,34894
1623736823,35769
1623736824,35723
1623736825,34456
1623736826,33486
1623736827,33804
1623736828,33485
1623736829,33432
1623736830,34070
1623736831,33719
1623736832,33520
1623736833,34095
1623736834,33517
1623736835,33383
1623736836,35544
1623736837,36830
1623736838,35365
1623736839,34823
1623736840,34991
1623736841,36478
1623736842,36693
1623736843,36333
1623736844,35488
1623736845,35806
1623736846,34905
1623736847,35242
1623736848,36954
1623736849,36426
1623736850,35928
1623736851,35111
1623736852,34669
1623736853,34813
1623736854,34672
1623736855,35153
1623736856,34192
1623736857,12150
1623758400,33439
1623758401,34134
1623758402,34791
1623758403,35295
1623758404,34427
1623758405,34877
1623758406,34887
1623758407,33384
1623758408,34210
1623758409,35747
1623758410,35590
1623758411,35590
1623758412,35976
1623758413,35752
1623758414,36333
1623758415,34732
1623758416,33808
1623758417,33659
1623758418,33792
1623758419,33216
1623758420,33371
1623758421,33865
1623758422,34286
1623758423,34200
1623758424,34996
1623758425,34407
1623758426,34404
1623758427,34580
1623758428,34723
1623758429,34414
1623758430,33952
1623758431,34493
1623758432,34318
1623758433,34303
1623758434,34170
1623758435,34146
1623758436,35822
1623758437,34371
1623758438,34275
1623758439,34088
1623758440,34327
1623758441,34107
1623758442,33437
1623758443,35330
1623758444,34481
1623758445,33944
1623758446,33821
1623758447,34443
1623758448,33914
1623758449,33954
1623758450,34199
1623758451,33634
1623758452,33478
1623758453,33251
1623758454,33337
1623758455,33718
1623758456,33433
1623758457,33430
1623758458,8939
1623780000,33063
1623780001,31621
1623780002,30153
1623780003,30967
1623780004,31243
1623780005,30798
1623780006,31047
1623780007,31743
1623780008,31109
1623780009,31089
1623780010,31084
1623780011,31258
1623780012,31805
1623780013,31374
1623780014,31378
1623780015,30988
1623780016,30745
1623780017,31152
1623780018,31150
1623780019,31047
1623780020,31413
1623780021,31552
1623780022,30992
1623780023,30944
1623780024,30058
1623780025,29569
1623780026,29193
1623780027,29896
1623780028,30013
1623780029,29807
1623780030,30198
1623780031,29814
1623780032,30023
1623780033,30571
1623780034,30470
1623780035,31106
1623780036,31069
1623780037,30487
1623780038,31028
1623780039,30743
1623780040,30688
1623780041,29950
1623780042,30578
1623780043,30386
1623780044,30222
1623780045,30447
1623780046,30550
1623780047,30093
1623780048,30463
1623780049,30468
1623780050,30299
1623780051,30130
1623780052,30556
1623780053,29926
1623780054,30453
1623780055,30517
1623780056,30059
1623780057,30346
1623780058,30518
1623780059,30642
1623780060,30156
1623780061,30284
1623780062,29843
1623780063,29960
1623780064,29889
1623780065,8817
1626307200,41206
1626307201,40586
1626307202,40751
1626307203,40887
1626307204,40864
1626307205,40945
1626307206,40722
1626307207,40645
1626307208,40786
1626307209,40853
1626307210,41048
1626307211,41076
1626307212,40664
1626307213,40873
1626307214,41051
1626307215,41053
1626307216,40898
1626307217,43995
1626307218,44940
1626307219,45193
1626307220,45074
1626307221,44888
1626307222,50283
1626307223,41593
1626307224,41446
1626307225,41185
1626307226,41257
1626307227,40504
1626307228,44568
1626307229,45435
1626307230,45172
1626307231,45182
1626307232,45458
1626307233,42843
1626307234,41030
1626307235,40859
1626307236,40787
1626307237,40877
1626307238,40832
1626307239,40948
1626307240,41623
1626307241,41528
1626307242,41787
1626307243,42095
1626307244,39745
1626307245,37841
1626307246,38075
1626307247,28049
1626328800,37106
1626328801,37131
1626328802,37894
1626328803,37168
1626328804,37188
1626328805,37786
1626328806,37571
1626328807,36418
1626328808,36529
1626328809,36552
1626328810,35549
1626328811,36563
1626328812,36365
1626328813,36104
1626328814,36659
1626328815,37012
1626328816,36479
1626328817,36686
1626328818,36312
1626328819,35896
1626328820,36676
1626328821,36810
1626328822,36750
1626328823,37595
1626328824,37783
1626328825,37475
1626328826,37710
1626328827,37997
1626328828,37185
1626328829,37598
1626328830,38029
1626328831,36750
1626328832,36975
1626328833,36718
1626328834,36362
1626328835,36430
1626328836,37157
1626328837,36971
1626328838,36576
1626328839,37063
1626328840,36834
1626328841,37530
1626328842,36560
1626328843,37712
1626328844,37357
1626328845,37419
1626328846,37380
1626328847,37683
1626328848,37548
1626328849,37851
1626328850,37790
1626328851,38066
1626328852,37405
1626328853,35287
1626350400,40621
1626350401,40619
1626350402,40762
1626350403,40407
1626350404,40809
1626350405,36693
1626350406,35806
1626350407,35396
1626350408,35003
1626350409,35083
1626350410,34748
1626350411,34904
1626350412,34473
1626350413,37240
1626350414,37033
1626350415,37031
1626350416,37435
1626350417,36581
1626350418,40029
1626350419,38411
1626350420,37828
1626350421,38467
1626350422,38550
1626350423,39083
1626350424,39044
1626350425,39617
1626350426,40030
1626350427,39643
1626350428,39629
1626350429,37196
1626350430,37027
1626350431,37370
1626350432,36807
1626350433,36986
1626350434,37467
1626350435,37074
1626350436,36900
1626350437,37052
1626350438,36969
1626350439,36570
1626350440,37311
1626350441,37586
1626350442,39401
1626350443,39442
1626350444,38796
1626350445,39179
1626350446,39027
1626350447,38699
1626350448,38454
1626350449,38840
1626350450,38929
1626350451,38812
1626350452,27131
1626372000,35690
1626372001,36201
1626372002,36616
1626372003,36520
1626372004,37528
1626372005,37514
1626372006,37193
1626372007,37136
1626372008,37334
1626372009,37057
1626372010,36444
1626372011,35943
1626372012,35411
1626372013,35824
1626372014,38000
1626372015,39765
1626372016,40216
1626372017,40764
1626372018,38151
1626372019,36616
1626372020,36285
1626372021,36060
1626372022,36486
1626372023,36596
1626372024,36641
1626372025,36153
1626372026,36263
1626372027,35901
1626372028,36145
1626372029,36077
1626372030,35038
1626372031,35441
1626372032,36085
1626372033,35441
1626372034,35283
1626372035,35270
1626372036,34628
1626372037,35218
1626372038,35186
1626372039,35367
1626372040,35508
1626372041,35477
1626372042,36041
1626372043,36090
1626372044,36984
1626372045,36025
1626372046,36893
1626372047,37827
1626372048,37510
1626372049,38033
1626372050,38802
1626372051,38981
1626372052,39035
1626372053,38638
1626372054,16669
1628985600,41186
1628985601,40897
1628985602,41267
1628985603,41509
1628985604,41439
1628985605,41259
1628985606,41640
1628985607,41299
1628985608,38891
1628985609,53351
1628985610,50214
1628985611,46410
1628985612,41794
1628985613,41465
1628985614,41609
1628985615,41520
1628985616,40111
1628985617,41491
1628985618,41871
1628985619,41218
1628985620,39802
1628985621,41132
1628985622,41269
1628985623,41171
1628985624,41053
1628985625,41336
1628985626,39814
1628985627,41244
1628985628,41204
1628985629,40868
1628985630,41223
1628985631,41261
1628985632,39306
1628985633,41326
1628985634,41144
1628985635,41204
1628985636,41131
1628985637,41090
1628985638,40076
1628985639,41406
1628985640,41038
1628985641,41474
1628985642,41243
1628985643,41628
1628985644,39861
1628985645,41371
1628985646,41332
1628985647,41641
1628985648,1911
1629007200,41571
1629007201,41162
1629007202,41150
1629007203,41182
1629007204,41360
1629007205,41129
1629007206,41333
1629007207,41424
1629007208,41237
1629007209,41418
1629007210,41416
1629007211,40993
1629007212,41473
1629007213,41151
1629007214,41111
1629007215,41286
1629007216,41137
1629007217,41374
1629007218,41425
1629007219,41183
1629007220,41193
1629007221,41018
1629007222,41451
1629007223,41000
1629007224,41154
1629007225,41311
1629007226,41462
1629007227,41112
1629007228,41156
1629007229,41214
1629007230,41507
1629007231,40995
1629007232,41345
1629007233,41005
1629007234,41330
1629007235,41262
1629007236,41466
1629007237,41454
1629007238,41850
1629007239,41527
1629007240,41872
1629007241,41709
1629007242,41571
1629007243,40693
1629007244,41681
1629007245,41595
1629007246,41700
1629007247,41680
1629007248,16172
1629028800,49304
1629028801,42666
1629028802,43115
1629028803,41736
1629028804,41809
1629028805,41776
1629028806,41656
1629028807,41757
1629028808,41818
1629028809,41732
1629028810,41816
1629028811,41842
1629028812,41826
1629028813,41874
1629028814,41760
1629028815,41698
1629028816,41941
1629028817,41796
1629028818,41679
1629028819,41864
1629028820,41521
1629028821,42363
1629028822,42637
1629028823,42634
1629028824,42557
1629028825,42412
1629028826,42662
1629028827,42378
1629028828,42583
1629028829,42617
1629028830,42459
1629028831,42594
1629028832,42456
1629028833,42494
1629028834,42511
1629028835,42585
1629028836,42501
1629028837,42474
1629028838,42582
1629028839,42663
1629028840,42625
1629028841,42789
1629028842,42590
1629028843,42635
1629028844,42684
1629028845,42470
1629028846,42535
1629028847,6524
1629050400,43113
1629050401,42471
1629050402,43141
1629050403,42774
1629050404,42768
1629050405,42849
1629050406,42970
1629050407,42801
1629050408,42577
1629050409,43170
1629050410,43036
1629050411,42790
1629050412,42909
1629050413,42837
1629050414,42905
1629050415,42928
1629050416,42568
1629050417,41853
1629050418,41892
1629050419,42462
1629050420,42670
1629050421,42482
1629050422,42514
1629050423,41792
1629050424,41500
1629050425,42542
1629050426,42416
1629050427,42751
1629050428,42891
1629050429,41725
1629050430,41312
1629050431,42571
1629050432,42192
1629050433,43265
1629050434,42683
1629050435,42525
1629050436,40778
1629050437,42834
1629050438,41906
1629050439,42404
1629050440,42621
1629050441,42555
1629050442,40465
1629050443,42927
1629050444,42755
1629050445,42782
1629050446,42688
1629050447,2640
1631664000,31342
1631664001,31394
1631664002,31501
1631664003,31518
1631664004,32401
1631664005,32571
1631664006,32311
1631664007,33011
1631664008,31926
1631664009,32169
1631664010,32480
1631664011,32805
1631664012,32196
1631664013,31704
1631664014,31610
1631664015,32069
1631664016,31797
1631664017,31849
1631664018,32573
1631664019,31663
1631664020,31992
1631664021,31959
1631664022,31618
1631664023,31532
1631664024,31294
1631664025,31660
1631664026,32054
1631664027,31845
1631664028,31656
1631664029,31624
1631664030,32440
1631664031,31858
1631664032,31915
1631664033,31851
1631664034,31321
1631664035,31248
1631664036,31344
1631664037,31190
1631664038,31798
1631664039,31975
1631664040,31984
1631664041,31649
1631664042,31386
1631664043,31155
1631664044,30699
1631664045,30428
1631664046,30445
1631664047,30505
1631664048,30931
1631664049,30873
1631664050,30377
1631664051,30280
1631664052,29854
1631664053,30397
1631664054,31004
1631664055,30560
1631664056,30357
1631664057,30474
1631664058,30367
1631664059,30300
1631664060,30879
1631664061,31144
1631664062,31280
1631664063,17608
1631685600,30220
1631685601,30083
1631685602,30597
1631685603,30104
1631685604,30436
1631685605,30452
1631685606,30793
1631685607,30549
1631685608,30597
1631685609,30995
1631685610,30637
1631685611,30802
1631685612,31206
1631685613,30499
1631685614,31182
1631685615,30057
1631685616,33388
1631685617,35430
1631685618,35968
1631685619,35871
1631685620,36785
1631685621,35482
1631685622,35673
1631685623,34935
1631685624,36253
1631685625,36106
1631685626,36899
1631685627,35661
1631685628,36238
1631685629,36127
1631685630,35582
1631685631,35278
1631685632,34332
1631685633,33737
1631685634,32994
1631685635,34353
1631685636,37028
1631685637,38877
1631685638,38834
1631685639,39067
1631685640,37607
1631685641,38791
1631685642,38562
1631685643,37668
1631685644,36120
1631685645,35789
1631685646,35373
1631685647,35564
1631685648,35913
1631685649,36246
1631685650,36198
1631685651,36023
1631685652,35177
1631685653,33748
1631685654,34569
1631685655,33887
1631685656,34216
1631685657,33782
1631685658,4660
1631707200,33272
1631707201,33343
1631707202,33048
1631707203,33122
1631707204,33360
1631707205,33166
1631707206,32662
1631707207,33545
1631707208,33075
1631707209,33280
1631707210,32847
1631707211,33076
1631707212,33475
1631707213,33072
1631707214,32772
1631707215,34895
1631707216,37221
1631707217,36749
1631707218,36538
1631707219,36516
1631707220,37062
1631707221,38017
1631707222,37677
1631707223,40823
1631707224,40910
1631707225,40260
1631707226,39968
1631707227,41269
1631707228,40814
1631707229,40960
1631707230,40058
1631707231,40852
1631707232,36797
1631707233,37115
1631707234,35828
1631707235,40644
1631707236,40921
1631707237,42007
1631707238,42800
1631707239,42735
1631707240,40988
1631707241,41550
1631707242,41418
1631707243,41193
1631707244,43846
1631707245,44378
1631707246,45313
1631707247,45125
1631707248,45413
1631707249,43468
1631707250,43653
1631707251,42683
1631707252,4421
1631728800,35827
1631728801,35567
1631728802,35997
1631728803,35786
1631728804,35867
1631728805,35974
1631728806,36194
1631728807,36101
1631728808,35675
1631728809,36011
1631728810,36011
1631728811,39658
1631728812,39794
1631728813,40024
1631728814,40067
1631728815,35842
1631728816,35778
1631728817,39013
1631728818,39554
1631728819,39979
1631728820,40256
1631728821,40101
1631728822,40082
1631728823,40911
1631728824,40295
1631728825,40688
1631728826,40572
1631728827,40129
1631728828,40351
1631728829,40200
1631728830,39328
1631728831,39576
1631728832,40859
1631728833,39905
1631728834,36809
1631728835,37041
1631728836,37189
1631728837,36665
1631728838,37460
1631728839,37118
1631728840,37093
1631728841,37040
1631728842,36915
1631728843,45885
1631728844,69776
1631728845,75098
1631728846,68519
1631728847,71593
1631728848,27827
1634256000,37548
1634256001,37526
1634256002,32972
1634256003,32955
1634256004,34442
1634256005,32874
1634256006,33615
1634256007,33415
1634256008,33361
1634256009,31726
1634256010,30049
1634256011,30728
1634256012,31530
1634256013,34768
1634256014,34605
1634256015,35061
1634256016,35073
1634256017,34965
1634256018,35422
1634256019,38325
1634256020,38889
1634256021,38292
1634256022,37322
1634256023,42501
1634256024,39795
1634256025,37152
1634256026,36987
1634256027,36870
1634256028,37177
1634256029,34165
1634256030,32310
1634256031,33002
1634256032,33331
1634256033,32986
1634256034,33217
1634256035,33534
1634256036,32914
1634256037,33268
1634256038,33013
1634256039,33339
1634256040,32922
1634256041,33054
1634256042,32873
1634256043,33206
1634256044,33793
1634256045,33159
1634256046,33469
1634256047,33560
1634256048,33986
1634256049,34225
1634256050,34049
1634256051,31807
1634256052,31164
1634256053,31886
1634256054,32145
1634256055,32025
1634256056,31989
1634256057,32009
1634256058,17655
1634277600,40060
1634277601,40430
1634277602,44594
1634277603,43984
1634277604,44920
1634277605,41588
1634277606,41383
1634277607,41906
1634277608,40732
1634277609,41411
1634277610,41317
1634277611,41508
1634277612,40849
1634277613,41257
1634277614,41380
1634277615,41371
1634277616,41559
1634277617,41124
1634277618,41469
1634277619,40737
1634277620,39572
1634277621,40533
1634277622,39585
1634277623,39286
1634277624,40550
1634277625,44012
1634277626,43839
1634277627,43459
1634277628,41826
1634277629,41957
1634277630,41733
1634277631,41895
1634277632,41260
1634277633,41349
1634277634,41721
1634277635,41483
1634277636,41596
1634277637,42650
1634277638,42049
1634277639,42472
1634277640,42603
1634277641,42708
1634277642,40071
1634277643,42787
1634277644,38696
1634277645,40090
1634277646,38383
1634277647,39290
1634277648,8966
1634299200,33799
1634299201,33946
1634299202,33471
1634299203,34042
1634299204,34302
1634299205,36347
1634299206,36603
1634299207,36490
1634299208,36523
1634299209,36941
1634299210,36153
1634299211,36583
1634299212,36914
1634299213,36384
1634299214,36726
1634299215,35532
1634299216,35977
1634299217,36739
1634299218,36289
1634299219,36631
1634299220,36725
1634299221,35039
1634299222,34333
1634299223,34725
1634299224,35114
1634299225,34526
1634299226,34941
1634299227,35105
1634299228,34915
1634299229,35124
1634299230,33963
1634299231,34692
1634299232,34721
1634299233,35445
1634299234,36309
1634299235,36243
1634299236,36576
1634299237,36884
1634299238,37116
1634299239,37699
1634299240,37768
1634299241,37972
1634299242,37258
1634299243,37778
1634299244,38067
1634299245,37872
1634299246,38279
1634299247,38025
1634299248,38597
1634299249,38656
1634299250,37905
1634299251,39511
1634299252,37297
1634299253,34781
1634299254,35367
1634299255,8280
1634320800,50246
1634320801,44095
1634320802,44525
1634320803,44591
1634320804,42882
1634320805,41712
1634320806,42160
1634320807,42179
1634320808,41562
1634320809,42089
1634320810,42186
1634320811,41456
1634320812,42003
1634320813,42187
1634320814,41488
1634320815,41196
1634320816,40982
1634320817,41159
1634320818,41168
1634320819,41390
1634320820,41793
1634320821,41468
1634320822,41539
1634320823,42028
1634320824,40220
1634320825,41640
1634320826,40870
1634320827,39912
1634320828,40554
1634320829,39696
1634320830,39127
1634320831,40302
1634320832,40184
1634320833,40351
1634320834,39543
1634320835,40005
1634320836,39841
1634320837,39182
1634320838,44009
1634320839,43691
1634320840,43431
1634320841,44371
1634320842,39743
1634320843,40475
1634320844,39394
1634320845,40087
1634320846,40598
1634320847,40741
1634320848,3949
1636934400,35449
1636934401,35144
1636934402,34314
1636934403,34604
1636934404,35230
1636934405,35217
1636934406,35089
1636934407,35081
1636934408,35359
1636934409,34535
1636934410,35361
1636934411,35271
1636934412,34695
1636934413,38637
1636934414,39268
1636934415,38848
1636934416,39219
1636934417,39210
1636934418,39561
1636934419,38894
1636934420,39912
1636934421,38617
1636934422,39366
1636934423,38615
1636934424,39382
1636934425,38925
1636934426,39041
1636934427,38351
1636934428,38366
1636934429,38253
1636934430,34952
1636934431,35290
1636934432,35601
1636934433,35233
1636934434,36179
1636934435,36383
1636934436,35545
1636934437,38713
1636934438,39258
1636934439,40849
1636934440,40819
1636934441,40159
1636934442,39684
1636934443,40159
1636934444,41203
1636934445,40989
1636934446,40842
1636934447,42451
1636934448,42453
1636934449,42847
1636934450,43700
1636934451,42609
1636934452,16268
1636956000,38778
1636956001,39524
1636956002,38370
1636956003,38292
1636956004,38197
1636956005,38593
1636956006,38459
1636956007,38529
1636956008,38882
1636956009,38648
1636956010,39117
1636956011,38415
1636956012,38713
1636956013,38212
1636956014,38578
1636956015,38876
1636956016,39370
1636956017,42098
1636956018,43214
1636956019,43342
1636956020,40736
1636956021,40718
1636956022,40774
1636956023,43667
1636956024,43933
1636956025,42559
1636956026,43011
1636956027,42097
1636956028,42007
1636956029,42703
1636956030,42174
1636956031,41120
1636956032,40613
1636956033,40648
1636956034,41244
1636956035,41986
1636956036,42369
1636956037,42214
1636956038,42547
1636956039,42254
1636956040,42254
1636956041,40252
1636956042,39572
1636956043,39780
1636956044,39812
1636956045,40003
1636956046,40002
1636956047,40281
1636956048,40194
1636956049,12269
1636977600,35417
1636977601,36596
1636977602,35137
1636977603,36324
1636977604,35745
1636977605,35929
1636977606,36102
1636977607,35322
1636977608,34978
1636977609,35008
1636977610,34754
1636977611,35802
1636977612,35268
1636977613,35254
1636977614,35106
1636977615,35528
1636977616,34939
1636977617,35309
1636977618,38047
1636977619,39477
1636977620,40013
1636977621,40775
1636977622,41662
1636977623,41577
1636977624,41623
1636977625,44942
1636977626,44007
1636977627,44090
1636977628,44741
1636977629,44926
1636977630,43314
1636977631,44295
1636977632,46944
1636977633,46777
1636977634,44983
1636977635,44325
1636977636,43315
1636977637,43940
1636977638,42919
1636977639,43463
1636977640,43754
1636977641,41186
1636977642,39727
1636977643,40391
1636977644,40532
1636977645,40678
1636977646,41957
1636977647,42235
1636977648,41190
1636977649,39677
1636999200,36886
1636999201,36278
1636999202,36621
1636999203,36393
1636999204,37248
1636999205,36773
1636999206,39988
1636999207,39931
1636999208,42217
1636999209,43062
1636999210,40874
1636999211,40622
1636999212,40683
1636999213,40729
1636999214,40724
1636999215,40481
1636999216,41052
1636999217,40938
1636999218,41452
1636999219,41073
1636999220,40870
1636999221,40829
1636999222,40708
1636999223,41585
1636999224,41655
1636999225,38971
1636999226,38438
1636999227,38272
1636999228,38244
1636999229,37987
1636999230,38230
1636999231,38113
1636999232,38574
1636999233,39055
1636999234,39331
1636999235,38669
1636999236,39289
1636999237,39088
1636999238,39378
1636999239,39608
1636999240,39274
1636999241,39687
1636999242,39094
1636999243,39242
1636999244,39275
1636999245,40160
1636999246,43297
1636999247,43169
1636999248,43346
1636999249,42204
1636999250,10333
1639526400,50189
1639526401,49721
1639526402,49556
1639526403,46528
1639526404,48301
1639526405,49048
1639526406,48397
1639526407,47621
1639526408,48378
1639526409,47900
1639526410,47595
1639526411,47941
1639526412,47034
1639526413,47598
1639526414,48423
1639526415,47152
1639526416,49935
1639526417,47742
1639526418,48898
1639526419,47942
1639526420,47953
1639526421,46399
1639526422,48529
1639526423,47746
1639526424,47946
1639526425,47270
1639526426,47415
1639526427,46579
1639526428,48205
1639526429,46229
1639526430,45687
1639526431,46841
1639526432,46143
1639526433,47426
1639526434,46298
1639526435,47764
1639526436,49096
1639526437,45700
1639526438,48014
1639526439,48103
1639526440,48932
1639526441,39826
1639548000,44159
1639548001,45503
1639548002,45761
1639548003,45832
1639548004,45812
1639548005,45821
1639548006,45730
1639548007,45693
1639548008,53271
1639548009,59325
1639548010,52237
1639548011,46648
1639548012,45849
1639548013,46032
1639548014,45554
1639548015,45337
1639548016,45432
1639548017,45082
1639548018,44831
1639548019,44059
1639548020,42070
1639548021,41502
1639548022,41201
1639548023,41845
1639548024,41611
1639548025,41451
1639548026,41266
1639548027,41472
1639548028,41659
1639548029,41435
1639548030,41619
1639548031,41434
1639548032,41625
1639548033,41542
1639548034,40769
1639548035,41553
1639548036,41202
1639548037,41324
1639548038,40837
1639548039,41649
1639548040,42095
1639548041,41971
1639548042,42243
1639548043,42143
1639548044,42587
1639548045,21927
1639569600,41977
1639569601,44353
1639569602,41038
1639569603,42324
1639569604,43841
1639569605,42727
1639569606,42801
1639569607,44459
1639569608,46382
1639569609,43742
1639569610,44206
1639569611,44532
1639569612,45031
1639569613,44546
1639569614,43786
1639569615,43861
1639569616,43985
1639569617,44920
1639569618,43611
1639569619,43671
1639569620,44168
1639569621,44310
1639569622,44262
1639569623,43799
1639569624,44982
1639569625,43701
1639569626,43476
1639569627,43835
1639569628,43067
1639569629,43792
1639569630,43545
1639569631,43885
1639569632,43214
1639569633,43015
1639569634,43330
1639569635,43941
1639569636,43733
1639569637,43559
1639569638,43136
1639569639,44592
1639569640,42995
1639569641,44976
1639569642,45264
1639569643,44713
1639569644,45637
1639569645,25280
1639591200,41319
1639591201,41846
1639591202,41994
1639591203,41120
1639591204,41024
1639591205,40693
1639591206,41839
1639591207,41873
1639591208,41808
1639591209,45542
1639591210,46780
1639591211,42895
1639591212,42489
1639591213,42382
1639591214,42209
1639591215,41896
1639591216,42077
1639591217,41453
1639591218,39986
1639591219,41357
1639591220,41369
1639591221,41236
1639591222,41490
1639591223,40710
1639591224,40894
1639591225,41980
1639591226,42405
1639591227,41146
1639591228,42408
1639591229,42737
1639591230,42615
1639591231,42113
1639591232,41673
1639591233,42243
1639591234,43368
1639591235,50728
1639591236,64153
1639591237,63986
1639591238,64042
1639591239,64302
1639591240,64020
1639591241,64181
1639591242,63280
1639591243,30339
